[
  {
    "name": "MiAssistantTool",
    "html_url": "https://github.com/offici5l/MiAssistantTool",
    "description": "Flash official recovery ROMs (Xiaomi) in Mi-Assistant mode without unlocking the bootloader. Compatible with all platforms (Windows, Linux, MacOS Android(with termux))"
  },
  {
    "name": "MiTool",
    "html_url": "https://github.com/offici5l/MiTool",
    "description": "MiTool : without a PC (using another phone via Termux), allows you to unlock the bootloader, flash ROMs, ... and offers many other features for Xiaomi devices"
  },
  {
    "name": "MiUnlockTool",
    "html_url": "https://github.com/offici5l/MiUnlockTool",
    "description": "MiUnlockTool developed to retrieve encryptData(token) for Xiaomi devices for unlocking bootloader, It is compatible with all platforms."
  },
  {
    "name": "MiCommunityTool",
    "html_url": "https://github.com/offici5l/MiCommunityTool",
    "description": "Submitting a request for bootloader unlocking permission from the Mi Community automatically."
  },
  {
    "name": "MiCheck",
    "html_url": "https://github.com/offici5l/MiCheck",
    "description": "The most accurate and reliable way to verify Xiaomi device regions"
  },
  {
    "name": "MiTools",
    "html_url": "https://github.com/offici5l/MiTools",
    "description": "An application that transforms Xiaomi's official tools into a flexible mobile experience, replacing the need for a PC with the ability to use another phone!"
  },
  {
    "name": "FCE",
    "html_url": "https://github.com/offici5l/FCE",
    "description": "Firmware Extractor lets you pull any file from any ROM .zip package and delivers it instantly as a direct download link."
  }
]
